build_id,timestamp,code_churn,complexity_score,test_pass_rate,team_name
B1000,2025-01-01,53,22,1.0,Smt_Control
B1001,2025-01-01,373,43,0.93,Smt_Control
B1002,2025-01-01,11,10,0.924,Smt_Control
B1003,2025-01-01,70,20,0.889,Smt_Process
B1004,2025-01-01,60,16,0.974,Smt_Control
B1005,2025-01-02,78,12,0.957,Smt_Process
B1006,2025-01-02,28,13,1.0,Smt_Control
B1007,2025-01-02,83,22,1.0,Smt_Process
B1008,2025-01-02,862,64,0.85,Legacy_Kernel
B1009,2025-01-02,37,11,0.874,Legacy_Kernel
B1010,2025-01-03,97,17,0.939,Smt_Control
B1011,2025-01-03,43,11,1.0,Legacy_Kernel
B1012,2025-01-03,55,9,0.962,Smt_Process
B1013,2025-01-03,24,9,0.936,Smt_Process
B1014,2025-01-03,43,17,0.942,Legacy_Kernel
B1015,2025-01-04,88,11,0.992,Legacy_Kernel
B1016,2025-01-04,626,57,0.917,Legacy_Kernel
B1017,2025-01-04,81,15,0.944,Legacy_Kernel
B1018,2025-01-04,717,62,0.792,Smt_Control
B1019,2025-01-04,16,8,1.0,Smt_Data
B1020,2025-01-05,62,18,0.949,Legacy_Kernel
B1021,2025-01-05,698,51,0.914,Smt_Process
B1022,2025-01-05,83,14,0.952,Smt_Data
B1023,2025-01-05,285,35,1.0,Smt_Control
B1024,2025-01-05,461,43,0.856,Legacy_Kernel
B1025,2025-01-06,87,21,0.955,Smt_Data
B1026,2025-01-06,79,24,1.0,Smt_Process
B1027,2025-01-06,28,15,1.0,Smt_Data
B1028,2025-01-06,38,7,0.944,Legacy_Kernel
B1029,2025-01-06,94,24,0.986,Smt_Control
B1030,2025-01-07,418,43,0.895,Smt_Control
B1031,2025-01-07,37,17,0.959,Legacy_Kernel
B1032,2025-01-07,226,25,1.0,Legacy_Kernel
B1033,2025-01-07,68,16,1.0,Smt_Control
B1034,2025-01-07,19,6,0.879,Smt_Process
B1035,2025-01-08,10,9,0.995,Smt_Control
B1036,2025-01-08,47,20,0.983,Legacy_Kernel
B1037,2025-01-08,70,20,1.0,Smt_Control
B1038,2025-01-08,33,7,1.0,Legacy_Kernel
B1039,2025-01-08,34,18,1.0,Legacy_Kernel
B1040,2025-01-09,83,23,1.0,Smt_Control
B1041,2025-01-09,96,23,0.958,Legacy_Kernel
B1042,2025-01-09,96,22,1.0,Smt_Control
B1043,2025-01-09,83,15,0.961,Legacy_Kernel
B1044,2025-01-09,43,21,1.0,Legacy_Kernel
B1045,2025-01-10,16,13,1.0,Smt_Process
B1046,2025-01-10,59,19,1.0,Smt_Process
B1047,2025-01-10,57,18,0.957,Legacy_Kernel
B1048,2025-01-10,17,19,1.0,Smt_Control
B1049,2025-01-10,84,14,1.0,Smt_Control
B1050,2025-01-11,80,11,1.0,Smt_Process
B1051,2025-01-11,952,82,0.836,Smt_Process
B1052,2025-01-11,16,19,1.0,Legacy_Kernel
B1053,2025-01-11,825,68,0.848,Smt_Data
B1054,2025-01-11,42,8,0.989,Legacy_Kernel
B1055,2025-01-12,32,16,0.952,Smt_Data
B1056,2025-01-12,70,23,1.0,Smt_Data
B1057,2025-01-12,78,20,0.982,Smt_Process
B1058,2025-01-12,59,9,0.903,Smt_Control
B1059,2025-01-12,752,56,0.889,Smt_Data
B1060,2025-01-13,329,28,0.905,Smt_Control
B1061,2025-01-13,92,13,0.93,Legacy_Kernel
B1062,2025-01-13,61,22,0.934,Smt_Control
B1063,2025-01-13,59,20,1.0,Smt_Process
B1064,2025-01-13,848,74,0.923,Smt_Process
B1065,2025-01-14,72,19,1.0,Smt_Control
B1066,2025-01-14,96,25,0.941,Smt_Process
B1067,2025-01-14,19,18,0.942,Legacy_Kernel
B1068,2025-01-14,27,14,0.965,Smt_Control
B1069,2025-01-14,54,21,0.998,Smt_Control
B1070,2025-01-15,363,30,0.943,Smt_Data
B1071,2025-01-15,42,14,0.928,Smt_Data
B1072,2025-01-15,82,15,0.991,Smt_Control
B1073,2025-01-15,52,22,1.0,Smt_Data
B1074,2025-01-15,82,17,1.0,Smt_Process
B1075,2025-01-16,31,7,1.0,Smt_Control
B1076,2025-01-16,271,23,1.0,Smt_Data
B1077,2025-01-16,58,13,1.0,Smt_Control
B1078,2025-01-16,982,76,0.865,Smt_Process
B1079,2025-01-16,48,11,0.964,Smt_Process
B1080,2025-01-17,23,6,0.992,Legacy_Kernel
B1081,2025-01-17,36,9,0.992,Legacy_Kernel
B1082,2025-01-17,66,14,0.991,Smt_Process
B1083,2025-01-17,52,16,0.992,Smt_Process
B1084,2025-01-17,49,10,1.0,Smt_Process
B1085,2025-01-18,500,46,0.882,Legacy_Kernel
B1086,2025-01-18,764,62,0.986,Legacy_Kernel
B1087,2025-01-18,89,13,0.989,Smt_Process
B1088,2025-01-18,54,13,0.926,Smt_Data
B1089,2025-01-18,46,19,0.943,Smt_Data
B1090,2025-01-19,680,61,0.942,Legacy_Kernel
B1091,2025-01-19,225,21,0.915,Smt_Control
B1092,2025-01-19,82,12,0.981,Smt_Control
B1093,2025-01-19,46,9,0.962,Legacy_Kernel
B1094,2025-01-19,29,17,1.0,Smt_Control
B1095,2025-01-20,17,13,1.0,Legacy_Kernel
B1096,2025-01-20,96,21,0.978,Smt_Control
B1097,2025-01-20,32,18,1.0,Smt_Control
B1098,2025-01-20,18,6,0.998,Smt_Process
B1099,2025-01-20,15,9,0.98,Smt_Process
B1100,2025-01-21,361,38,0.892,Smt_Control
B1101,2025-01-21,21,14,1.0,Smt_Control
B1102,2025-01-21,229,33,0.993,Legacy_Kernel
B1103,2025-01-21,64,10,1.0,Smt_Control
B1104,2025-01-21,12,11,1.0,Smt_Process
B1105,2025-01-22,81,23,1.0,Legacy_Kernel
B1106,2025-01-22,835,70,0.942,Smt_Data
B1107,2025-01-22,87,16,0.935,Smt_Control
B1108,2025-01-22,75,11,1.0,Legacy_Kernel
B1109,2025-01-22,31,7,1.0,Legacy_Kernel
B1110,2025-01-23,26,15,1.0,Smt_Control
B1111,2025-01-23,948,82,0.875,Legacy_Kernel
B1112,2025-01-23,56,17,0.948,Legacy_Kernel
B1113,2025-01-23,48,16,1.0,Legacy_Kernel
B1114,2025-01-23,758,65,0.878,Legacy_Kernel
B1115,2025-01-24,86,17,0.954,Smt_Data
B1116,2025-01-24,24,7,0.897,Smt_Control
B1117,2025-01-24,35,7,0.988,Smt_Control
B1118,2025-01-24,80,16,0.957,Legacy_Kernel
B1119,2025-01-24,587,56,0.86,Smt_Control
B1120,2025-01-25,86,20,0.928,Smt_Process
B1121,2025-01-25,44,15,0.974,Smt_Control
B1122,2025-01-25,89,16,1.0,Smt_Control
B1123,2025-01-25,32,11,1.0,Smt_Process
B1124,2025-01-25,70,10,1.0,Smt_Data
B1125,2025-01-26,13,9,0.963,Smt_Data
B1126,2025-01-26,889,70,0.838,Legacy_Kernel
B1127,2025-01-26,28,6,1.0,Smt_Process
B1128,2025-01-26,48,12,0.997,Legacy_Kernel
B1129,2025-01-26,29,14,0.922,Smt_Process
B1130,2025-01-27,95,17,0.914,Smt_Process
B1131,2025-01-27,64,23,0.95,Legacy_Kernel
B1132,2025-01-27,21,12,1.0,Smt_Process
B1133,2025-01-27,38,13,0.971,Smt_Control
B1134,2025-01-27,78,23,0.984,Smt_Data
B1135,2025-01-28,24,16,0.943,Legacy_Kernel
B1136,2025-01-28,600,54,0.858,Smt_Process
B1137,2025-01-28,77,16,0.995,Smt_Control
B1138,2025-01-28,979,77,0.848,Smt_Process
B1139,2025-01-28,18,10,0.94,Legacy_Kernel
B1140,2025-01-29,23,16,0.917,Smt_Process
B1141,2025-01-29,740,68,0.875,Smt_Process
B1142,2025-01-29,53,13,1.0,Smt_Control
B1143,2025-01-29,54,21,0.975,Smt_Data
B1144,2025-01-29,663,56,0.834,Legacy_Kernel
B1145,2025-01-30,52,12,1.0,Smt_Data
B1146,2025-01-30,62,15,1.0,Smt_Process
B1147,2025-01-30,54,22,0.931,Smt_Process
B1148,2025-01-30,28,17,0.996,Legacy_Kernel
B1149,2025-01-30,98,17,0.97,Smt_Process
B1150,2025-01-31,36,8,1.0,Legacy_Kernel
B1151,2025-01-31,691,56,0.874,Legacy_Kernel
B1152,2025-01-31,819,62,0.867,Legacy_Kernel
B1153,2025-01-31,30,14,1.0,Smt_Process
B1154,2025-01-31,11,14,0.938,Smt_Data
B1155,2025-02-01,781,69,0.916,Smt_Data
B1156,2025-02-01,23,19,0.933,Smt_Data
B1157,2025-02-01,70,18,1.0,Smt_Process
B1158,2025-02-01,62,11,1.0,Smt_Data
B1159,2025-02-01,83,10,1.0,Smt_Data
B1160,2025-02-02,83,20,0.992,Smt_Data
B1161,2025-02-02,31,17,0.933,Legacy_Kernel
B1162,2025-02-02,39,18,0.94,Smt_Control
B1163,2025-02-02,79,10,1.0,Smt_Data
B1164,2025-02-02,72,12,0.973,Legacy_Kernel
B1165,2025-02-03,54,13,0.967,Legacy_Kernel
B1166,2025-02-03,98,13,1.0,Smt_Data
B1167,2025-02-03,76,21,0.912,Smt_Process
B1168,2025-02-03,312,27,0.767,Legacy_Kernel
B1169,2025-02-03,85,18,1.0,Legacy_Kernel
B1170,2025-02-04,51,20,0.985,Smt_Control
B1171,2025-02-04,13,18,0.907,Smt_Control
B1172,2025-02-04,51,20,0.919,Smt_Control
B1173,2025-02-04,29,19,1.0,Smt_Data
B1174,2025-02-04,35,8,1.0,Legacy_Kernel
B1175,2025-02-05,43,12,1.0,Legacy_Kernel
B1176,2025-02-05,32,17,0.934,Legacy_Kernel
B1177,2025-02-05,83,11,0.912,Smt_Control
B1178,2025-02-05,706,65,0.892,Legacy_Kernel
B1179,2025-02-05,23,16,1.0,Smt_Data
B1180,2025-02-06,86,24,1.0,Smt_Data
B1181,2025-02-06,909,75,0.857,Legacy_Kernel
B1182,2025-02-06,30,8,0.999,Smt_Control
B1183,2025-02-06,84,10,1.0,Smt_Data
B1184,2025-02-06,23,11,1.0,Legacy_Kernel
B1185,2025-02-07,35,16,1.0,Smt_Process
B1186,2025-02-07,21,11,0.995,Legacy_Kernel
B1187,2025-02-07,16,6,1.0,Smt_Data
B1188,2025-02-07,54,16,0.999,Smt_Data
B1189,2025-02-07,539,51,0.845,Smt_Control
B1190,2025-02-08,280,26,0.9,Smt_Control
B1191,2025-02-08,14,13,0.998,Smt_Data
B1192,2025-02-08,66,12,0.975,Smt_Data
B1193,2025-02-08,71,19,0.885,Smt_Control
B1194,2025-02-08,344,35,0.869,Legacy_Kernel
B1195,2025-02-09,86,21,1.0,Legacy_Kernel
B1196,2025-02-09,342,33,0.911,Smt_Process
B1197,2025-02-09,98,18,1.0,Smt_Process
B1198,2025-02-09,77,10,0.977,Smt_Control
B1199,2025-02-09,20,13,1.0,Legacy_Kernel
B1200,2025-02-10,44,14,1.0,Smt_Data
B1201,2025-02-10,589,54,0.889,Smt_Data
B1202,2025-02-10,24,7,0.974,Legacy_Kernel
B1203,2025-02-10,36,16,0.949,Legacy_Kernel
B1204,2025-02-10,49,13,0.991,Smt_Control
B1205,2025-02-11,57,19,1.0,Smt_Data
B1206,2025-02-11,32,15,1.0,Legacy_Kernel
B1207,2025-02-11,98,22,1.0,Smt_Process
B1208,2025-02-11,76,11,0.959,Smt_Control
B1209,2025-02-11,22,15,0.988,Legacy_Kernel
B1210,2025-02-12,965,81,0.868,Smt_Data
B1211,2025-02-12,933,71,0.934,Smt_Control
B1212,2025-02-12,59,21,1.0,Smt_Control
B1213,2025-02-12,69,22,0.979,Smt_Control
B1214,2025-02-12,72,17,1.0,Legacy_Kernel
B1215,2025-02-13,30,10,1.0,Legacy_Kernel
B1216,2025-02-13,81,19,0.958,Smt_Process
B1217,2025-02-13,40,14,1.0,Smt_Process
B1218,2025-02-13,627,52,0.911,Smt_Data
B1219,2025-02-13,15,20,1.0,Legacy_Kernel
B1220,2025-02-14,99,16,1.0,Smt_Control
B1221,2025-02-14,21,8,0.983,Smt_Data
B1222,2025-02-14,637,60,0.985,Smt_Process
B1223,2025-02-14,44,17,1.0,Smt_Data
B1224,2025-02-14,78,23,1.0,Legacy_Kernel
B1225,2025-02-15,627,59,0.887,Legacy_Kernel
B1226,2025-02-15,37,21,1.0,Smt_Control
B1227,2025-02-15,996,75,0.929,Smt_Data
B1228,2025-02-15,47,8,1.0,Legacy_Kernel
B1229,2025-02-15,86,22,0.984,Smt_Data
B1230,2025-02-16,65,10,0.925,Smt_Data
B1231,2025-02-16,33,18,0.943,Smt_Process
B1232,2025-02-16,33,12,0.98,Smt_Data
B1233,2025-02-16,90,24,0.935,Legacy_Kernel
B1234,2025-02-16,59,8,0.93,Legacy_Kernel
B1235,2025-02-17,13,16,1.0,Legacy_Kernel
B1236,2025-02-17,838,73,0.932,Smt_Control
B1237,2025-02-17,28,18,1.0,Legacy_Kernel
B1238,2025-02-17,90,14,0.991,Smt_Control
B1239,2025-02-17,44,11,0.888,Legacy_Kernel
B1240,2025-02-18,84,10,1.0,Legacy_Kernel
B1241,2025-02-18,23,15,0.971,Smt_Process
B1242,2025-02-18,228,27,1.0,Smt_Data
B1243,2025-02-18,501,49,0.918,Legacy_Kernel
B1244,2025-02-18,78,10,0.96,Smt_Control
B1245,2025-02-19,99,12,0.998,Smt_Control
B1246,2025-02-19,92,19,0.98,Smt_Process
B1247,2025-02-19,90,25,0.983,Smt_Control
B1248,2025-02-19,68,17,0.995,Smt_Data
B1249,2025-02-19,25,10,0.958,Smt_Data
B1250,2025-02-20,47,21,0.98,Smt_Control
B1251,2025-02-20,419,42,1.0,Legacy_Kernel
B1252,2025-02-20,79,24,0.907,Smt_Data
B1253,2025-02-20,34,17,1.0,Smt_Control
B1254,2025-02-20,63,22,1.0,Smt_Process
B1255,2025-02-21,80,17,0.951,Smt_Process
B1256,2025-02-21,77,24,0.983,Smt_Control
B1257,2025-02-21,33,18,1.0,Legacy_Kernel
B1258,2025-02-21,42,10,1.0,Smt_Data
B1259,2025-02-21,23,6,0.951,Smt_Process
B1260,2025-02-22,432,41,0.849,Legacy_Kernel
B1261,2025-02-22,47,20,0.932,Smt_Process
B1262,2025-02-22,492,44,0.857,Smt_Process
B1263,2025-02-22,28,8,0.964,Smt_Process
B1264,2025-02-22,22,7,0.928,Smt_Data
B1265,2025-02-23,83,21,0.953,Smt_Process
B1266,2025-02-23,30,21,1.0,Legacy_Kernel
B1267,2025-02-23,983,80,0.899,Smt_Control
B1268,2025-02-23,437,39,0.869,Legacy_Kernel
B1269,2025-02-23,422,45,0.91,Smt_Process
B1270,2025-02-24,76,20,0.982,Legacy_Kernel
B1271,2025-02-24,774,62,0.884,Smt_Data
B1272,2025-02-24,40,16,1.0,Smt_Data
B1273,2025-02-24,82,15,0.977,Smt_Control
B1274,2025-02-24,26,14,0.981,Smt_Control
B1275,2025-02-25,59,13,0.968,Smt_Control
B1276,2025-02-25,41,9,1.0,Legacy_Kernel
B1277,2025-02-25,923,71,0.941,Smt_Process
B1278,2025-02-25,88,10,1.0,Smt_Control
B1279,2025-02-25,341,31,0.871,Smt_Data
B1280,2025-02-26,226,30,1.0,Smt_Process
B1281,2025-02-26,39,18,1.0,Legacy_Kernel
B1282,2025-02-26,533,47,0.936,Smt_Process
B1283,2025-02-26,97,19,1.0,Smt_Data
B1284,2025-02-26,35,10,0.922,Smt_Process
B1285,2025-02-27,72,22,1.0,Smt_Process
B1286,2025-02-27,84,20,0.955,Smt_Data
B1287,2025-02-27,86,16,0.963,Smt_Data
B1288,2025-02-27,74,11,0.991,Smt_Data
B1289,2025-02-27,14,12,1.0,Legacy_Kernel
B1290,2025-02-28,922,66,0.848,Smt_Process
B1291,2025-02-28,89,17,1.0,Legacy_Kernel
B1292,2025-02-28,61,17,0.918,Smt_Process
B1293,2025-02-28,14,6,0.927,Smt_Process
B1294,2025-02-28,42,16,1.0,Smt_Control
B1295,2025-03-01,92,21,1.0,Smt_Data
B1296,2025-03-01,32,20,1.0,Smt_Data
B1297,2025-03-01,834,64,0.925,Smt_Control
B1298,2025-03-01,66,19,1.0,Smt_Data
B1299,2025-03-01,53,22,0.971,Smt_Process
B1300,2025-03-02,79,21,0.97,Smt_Data
B1301,2025-03-02,69,23,0.956,Smt_Process
B1302,2025-03-02,95,12,0.919,Smt_Control
B1303,2025-03-02,61,22,0.945,Smt_Control
B1304,2025-03-02,61,14,1.0,Smt_Process
B1305,2025-03-03,43,17,0.998,Smt_Data
B1306,2025-03-03,887,78,0.873,Smt_Process
B1307,2025-03-03,65,16,1.0,Smt_Process
B1308,2025-03-03,94,13,1.0,Legacy_Kernel
B1309,2025-03-03,38,19,1.0,Legacy_Kernel
B1310,2025-03-04,19,12,1.0,Legacy_Kernel
B1311,2025-03-04,32,14,0.949,Smt_Data
B1312,2025-03-04,61,22,0.895,Smt_Data
B1313,2025-03-04,53,13,0.969,Smt_Control
B1314,2025-03-04,959,74,0.843,Smt_Control
B1315,2025-03-05,788,63,0.749,Smt_Control
B1316,2025-03-05,76,10,0.918,Smt_Control
B1317,2025-03-05,51,16,0.956,Smt_Data
B1318,2025-03-05,93,12,0.972,Smt_Data
B1319,2025-03-05,272,30,0.927,Smt_Control
B1320,2025-03-06,58,8,1.0,Smt_Process
B1321,2025-03-06,40,12,1.0,Legacy_Kernel
B1322,2025-03-06,12,17,1.0,Smt_Control
B1323,2025-03-06,31,21,0.978,Legacy_Kernel
B1324,2025-03-06,78,13,0.996,Smt_Data
B1325,2025-03-07,38,21,1.0,Legacy_Kernel
B1326,2025-03-07,471,39,0.889,Smt_Control
B1327,2025-03-07,34,8,1.0,Smt_Control
B1328,2025-03-07,92,17,0.934,Smt_Process
B1329,2025-03-07,13,18,1.0,Smt_Process
B1330,2025-03-08,776,56,0.933,Smt_Control
B1331,2025-03-08,53,11,1.0,Smt_Data
B1332,2025-03-08,66,21,0.996,Smt_Data
B1333,2025-03-08,88,22,0.993,Legacy_Kernel
B1334,2025-03-08,24,16,0.969,Legacy_Kernel
B1335,2025-03-09,481,40,0.968,Smt_Control
B1336,2025-03-09,34,15,1.0,Smt_Process
B1337,2025-03-09,14,11,0.912,Smt_Data
B1338,2025-03-09,94,11,1.0,Legacy_Kernel
B1339,2025-03-09,29,8,1.0,Smt_Control
B1340,2025-03-10,93,14,0.98,Smt_Control
B1341,2025-03-10,10,16,0.895,Legacy_Kernel
B1342,2025-03-10,39,12,1.0,Smt_Process
B1343,2025-03-10,945,74,0.897,Smt_Process
B1344,2025-03-10,92,24,0.983,Smt_Process
B1345,2025-03-11,383,43,0.907,Smt_Process
B1346,2025-03-11,32,15,0.954,Legacy_Kernel
B1347,2025-03-11,53,18,1.0,Legacy_Kernel
B1348,2025-03-11,96,21,1.0,Smt_Process
B1349,2025-03-11,39,16,0.937,Smt_Control
B1350,2025-03-12,934,76,0.935,Smt_Process
B1351,2025-03-12,55,8,0.983,Legacy_Kernel
B1352,2025-03-12,451,42,0.874,Smt_Process
B1353,2025-03-12,82,10,0.936,Smt_Process
B1354,2025-03-12,28,18,0.926,Smt_Control
B1355,2025-03-13,86,12,0.962,Smt_Control
B1356,2025-03-13,727,63,0.924,Smt_Control
B1357,2025-03-13,772,62,0.925,Smt_Data
B1358,2025-03-13,70,22,0.944,Smt_Process
B1359,2025-03-13,60,17,1.0,Smt_Control
B1360,2025-03-14,71,11,1.0,Smt_Control
B1361,2025-03-14,92,24,1.0,Smt_Data
B1362,2025-03-14,81,20,1.0,Smt_Process
B1363,2025-03-14,95,13,0.957,Smt_Control
B1364,2025-03-14,40,20,0.975,Smt_Data
B1365,2025-03-15,94,25,0.966,Legacy_Kernel
B1366,2025-03-15,533,41,0.909,Smt_Data
B1367,2025-03-15,906,74,0.866,Smt_Data
B1368,2025-03-15,481,51,0.907,Smt_Control
B1369,2025-03-15,85,10,0.949,Smt_Data
B1370,2025-03-16,44,11,1.0,Smt_Data
B1371,2025-03-16,39,16,0.983,Legacy_Kernel
B1372,2025-03-16,84,24,0.984,Legacy_Kernel
B1373,2025-03-16,42,15,0.996,Smt_Process
B1374,2025-03-16,15,14,1.0,Legacy_Kernel
B1375,2025-03-17,45,12,1.0,Smt_Process
B1376,2025-03-17,31,14,0.917,Smt_Control
B1377,2025-03-17,55,10,1.0,Smt_Process
B1378,2025-03-17,321,39,0.874,Smt_Process
B1379,2025-03-17,56,16,1.0,Smt_Control
B1380,2025-03-18,31,19,0.958,Legacy_Kernel
B1381,2025-03-18,19,12,1.0,Smt_Process
B1382,2025-03-18,99,14,0.987,Smt_Data
B1383,2025-03-18,64,20,0.97,Smt_Data
B1384,2025-03-18,96,16,0.975,Smt_Process
B1385,2025-03-19,92,18,0.926,Smt_Control
B1386,2025-03-19,97,15,0.845,Smt_Process
B1387,2025-03-19,17,17,0.941,Smt_Data
B1388,2025-03-19,32,10,1.0,Smt_Data
B1389,2025-03-19,30,21,1.0,Smt_Process
B1390,2025-03-20,63,10,0.945,Smt_Control
B1391,2025-03-20,24,19,0.985,Smt_Process
B1392,2025-03-20,10,17,0.955,Smt_Data
B1393,2025-03-20,871,64,0.889,Legacy_Kernel
B1394,2025-03-20,620,56,0.904,Smt_Process
B1395,2025-03-21,56,19,1.0,Legacy_Kernel
B1396,2025-03-21,56,9,0.964,Legacy_Kernel
B1397,2025-03-21,25,19,1.0,Legacy_Kernel
B1398,2025-03-21,88,13,1.0,Smt_Process
B1399,2025-03-21,77,18,1.0,Legacy_Kernel
B1400,2025-03-22,20,18,1.0,Legacy_Kernel
B1401,2025-03-22,530,46,0.944,Smt_Data
B1402,2025-03-22,73,22,1.0,Legacy_Kernel
B1403,2025-03-22,92,18,1.0,Smt_Control
B1404,2025-03-22,55,8,1.0,Smt_Data
B1405,2025-03-23,29,11,0.88,Smt_Data
B1406,2025-03-23,21,10,0.937,Smt_Data
B1407,2025-03-23,97,17,1.0,Smt_Data
B1408,2025-03-23,31,21,1.0,Legacy_Kernel
B1409,2025-03-23,36,17,0.957,Smt_Control
B1410,2025-03-24,12,6,0.965,Legacy_Kernel
B1411,2025-03-24,53,13,1.0,Legacy_Kernel
B1412,2025-03-24,44,8,0.979,Smt_Control
B1413,2025-03-24,65,10,0.899,Smt_Control
B1414,2025-03-24,17,17,1.0,Smt_Control
B1415,2025-03-25,212,31,0.936,Legacy_Kernel
B1416,2025-03-25,58,13,0.926,Legacy_Kernel
B1417,2025-03-25,96,22,0.985,Smt_Control
B1418,2025-03-25,333,28,0.945,Smt_Process
B1419,2025-03-25,29,13,0.979,Smt_Process
B1420,2025-03-26,17,16,0.939,Smt_Data
B1421,2025-03-26,36,16,1.0,Legacy_Kernel
B1422,2025-03-26,10,17,0.97,Smt_Process
B1423,2025-03-26,86,12,0.988,Smt_Process
B1424,2025-03-26,74,20,0.968,Smt_Process
B1425,2025-03-27,99,15,0.979,Smt_Data
B1426,2025-03-27,408,46,0.869,Legacy_Kernel
B1427,2025-03-27,97,17,0.959,Smt_Control
B1428,2025-03-27,985,80,0.997,Legacy_Kernel
B1429,2025-03-27,282,23,1.0,Legacy_Kernel
B1430,2025-03-28,84,13,1.0,Smt_Data
B1431,2025-03-28,67,11,1.0,Smt_Data
B1432,2025-03-28,79,10,1.0,Smt_Process
B1433,2025-03-28,49,20,0.949,Smt_Data
B1434,2025-03-28,63,21,1.0,Smt_Data
B1435,2025-03-29,639,49,0.847,Smt_Control
B1436,2025-03-29,62,17,0.955,Smt_Control
B1437,2025-03-29,645,53,0.938,Legacy_Kernel
B1438,2025-03-29,24,13,1.0,Smt_Data
B1439,2025-03-29,64,17,1.0,Smt_Control
B1440,2025-03-30,61,9,0.96,Smt_Process
B1441,2025-03-30,815,70,0.945,Smt_Process
B1442,2025-03-30,215,28,0.983,Smt_Control
B1443,2025-03-30,65,14,0.945,Smt_Process
B1444,2025-03-30,65,17,0.932,Legacy_Kernel
B1445,2025-03-31,22,11,1.0,Smt_Control
B1446,2025-03-31,607,52,0.935,Smt_Control
B1447,2025-03-31,21,14,0.932,Legacy_Kernel
B1448,2025-03-31,85,10,1.0,Legacy_Kernel
B1449,2025-03-31,84,19,1.0,Smt_Data
B1450,2025-04-01,37,10,1.0,Smt_Control
B1451,2025-04-01,46,21,0.981,Smt_Data
B1452,2025-04-01,93,15,1.0,Legacy_Kernel
B1453,2025-04-01,54,9,0.857,Smt_Process
B1454,2025-04-01,10,5,1.0,Legacy_Kernel
B1455,2025-04-02,42,20,0.91,Smt_Control
B1456,2025-04-02,10,7,1.0,Smt_Control
B1457,2025-04-02,29,10,0.946,Smt_Data
B1458,2025-04-02,68,12,0.966,Smt_Data
B1459,2025-04-02,49,11,1.0,Smt_Process
B1460,2025-04-03,25,7,0.964,Smt_Control
B1461,2025-04-03,14,8,0.969,Smt_Control
B1462,2025-04-03,622,49,0.923,Smt_Data
B1463,2025-04-03,340,34,0.897,Smt_Data
B1464,2025-04-03,20,6,0.956,Smt_Data
B1465,2025-04-04,41,11,0.951,Smt_Data
B1466,2025-04-04,36,8,0.926,Smt_Control
B1467,2025-04-04,13,6,0.952,Smt_Data
B1468,2025-04-04,52,13,1.0,Smt_Data
B1469,2025-04-04,94,12,1.0,Legacy_Kernel
B1470,2025-04-05,93,19,1.0,Legacy_Kernel
B1471,2025-04-05,48,17,1.0,Smt_Data
B1472,2025-04-05,42,14,1.0,Smt_Data
B1473,2025-04-05,273,37,0.955,Smt_Control
B1474,2025-04-05,490,50,0.883,Smt_Process
B1475,2025-04-06,23,20,0.98,Smt_Control
B1476,2025-04-06,25,10,0.972,Legacy_Kernel
B1477,2025-04-06,84,14,0.958,Smt_Data
B1478,2025-04-06,78,24,0.886,Smt_Control
B1479,2025-04-06,99,14,1.0,Legacy_Kernel
B1480,2025-04-07,370,42,0.926,Smt_Data
B1481,2025-04-07,43,14,1.0,Legacy_Kernel
B1482,2025-04-07,96,13,0.978,Smt_Data
B1483,2025-04-07,64,16,0.984,Legacy_Kernel
B1484,2025-04-07,981,84,0.831,Smt_Data
B1485,2025-04-08,33,21,0.999,Legacy_Kernel
B1486,2025-04-08,81,22,1.0,Legacy_Kernel
B1487,2025-04-08,10,19,0.984,Smt_Data
B1488,2025-04-08,59,11,0.989,Smt_Control
B1489,2025-04-08,51,13,1.0,Smt_Data
B1490,2025-04-09,79,12,0.995,Legacy_Kernel
B1491,2025-04-09,88,21,1.0,Smt_Control
B1492,2025-04-09,409,33,0.908,Smt_Control
B1493,2025-04-09,28,20,0.948,Smt_Process
B1494,2025-04-09,41,18,1.0,Smt_Data
B1495,2025-04-10,54,20,1.0,Smt_Control
B1496,2025-04-10,90,18,0.945,Smt_Control
B1497,2025-04-10,76,15,0.999,Smt_Control
B1498,2025-04-10,78,23,1.0,Legacy_Kernel
B1499,2025-04-10,59,15,0.994,Smt_Control
B1500,2025-04-11,79,20,1.0,Smt_Data
B1501,2025-04-11,828,68,0.918,Smt_Control
B1502,2025-04-11,70,9,0.975,Smt_Data
B1503,2025-04-11,577,47,0.953,Legacy_Kernel
B1504,2025-04-11,96,25,1.0,Legacy_Kernel
B1505,2025-04-12,77,20,0.978,Smt_Data
B1506,2025-04-12,651,52,0.939,Smt_Process
B1507,2025-04-12,76,16,1.0,Smt_Control
B1508,2025-04-12,75,10,0.971,Legacy_Kernel
B1509,2025-04-12,74,11,1.0,Smt_Control
B1510,2025-04-13,60,17,0.999,Legacy_Kernel
B1511,2025-04-13,55,12,0.969,Smt_Data
B1512,2025-04-13,318,26,0.897,Legacy_Kernel
B1513,2025-04-13,232,22,1.0,Legacy_Kernel
B1514,2025-04-13,12,7,1.0,Smt_Data
B1515,2025-04-14,87,11,0.968,Legacy_Kernel
B1516,2025-04-14,92,22,0.992,Smt_Data
B1517,2025-04-14,86,24,0.987,Smt_Process
B1518,2025-04-14,39,13,0.964,Smt_Control
B1519,2025-04-14,93,17,1.0,Smt_Data
B1520,2025-04-15,73,23,0.993,Smt_Process
B1521,2025-04-15,96,13,0.939,Smt_Data
B1522,2025-04-15,84,11,1.0,Legacy_Kernel
B1523,2025-04-15,52,11,1.0,Legacy_Kernel
B1524,2025-04-15,36,13,1.0,Smt_Process
B1525,2025-04-16,86,15,1.0,Legacy_Kernel
B1526,2025-04-16,94,12,0.909,Smt_Control
B1527,2025-04-16,78,15,1.0,Smt_Process
B1528,2025-04-16,64,18,1.0,Smt_Process
B1529,2025-04-16,270,28,1.0,Smt_Process
B1530,2025-04-17,77,24,1.0,Smt_Control
B1531,2025-04-17,41,11,1.0,Smt_Process
B1532,2025-04-17,886,70,0.988,Smt_Process
B1533,2025-04-17,48,20,1.0,Smt_Control
B1534,2025-04-17,54,10,0.997,Legacy_Kernel
B1535,2025-04-18,60,23,1.0,Smt_Control
B1536,2025-04-18,375,36,0.906,Legacy_Kernel
B1537,2025-04-18,78,16,0.996,Legacy_Kernel
B1538,2025-04-18,75,14,0.989,Smt_Process
B1539,2025-04-18,43,11,1.0,Smt_Data
B1540,2025-04-19,21,18,1.0,Smt_Data
B1541,2025-04-19,82,14,1.0,Smt_Process
B1542,2025-04-19,65,9,1.0,Legacy_Kernel
B1543,2025-04-19,519,53,0.89,Smt_Process
B1544,2025-04-19,28,17,1.0,Legacy_Kernel
B1545,2025-04-20,426,33,0.934,Smt_Control
B1546,2025-04-20,865,75,0.839,Smt_Control
B1547,2025-04-20,20,13,1.0,Legacy_Kernel
B1548,2025-04-20,32,18,1.0,Smt_Process
B1549,2025-04-20,95,19,1.0,Legacy_Kernel
B1550,2025-04-21,335,36,0.881,Smt_Data
B1551,2025-04-21,48,9,1.0,Smt_Control
B1552,2025-04-21,58,12,0.965,Smt_Data
B1553,2025-04-21,46,16,1.0,Smt_Control
B1554,2025-04-21,25,11,0.997,Smt_Control
B1555,2025-04-22,61,16,1.0,Smt_Process
B1556,2025-04-22,67,11,0.87,Smt_Data
B1557,2025-04-22,52,22,0.992,Smt_Control
B1558,2025-04-22,14,11,0.908,Smt_Data
B1559,2025-04-22,286,26,0.993,Smt_Process
B1560,2025-04-23,33,17,0.932,Smt_Control
B1561,2025-04-23,95,14,1.0,Smt_Process
B1562,2025-04-23,39,13,0.977,Legacy_Kernel
B1563,2025-04-23,54,14,0.798,Smt_Process
B1564,2025-04-23,808,61,0.807,Smt_Process
B1565,2025-04-24,79,22,1.0,Legacy_Kernel
B1566,2025-04-24,43,14,0.902,Smt_Process
B1567,2025-04-24,32,7,0.951,Smt_Control
B1568,2025-04-24,59,10,0.952,Smt_Process
B1569,2025-04-24,82,14,1.0,Smt_Process
B1570,2025-04-25,96,25,0.95,Smt_Process
B1571,2025-04-25,15,6,1.0,Smt_Process
B1572,2025-04-25,65,12,0.971,Smt_Control
B1573,2025-04-25,10,9,1.0,Smt_Data
B1574,2025-04-25,40,11,1.0,Smt_Process
B1575,2025-04-26,378,41,0.901,Smt_Data
B1576,2025-04-26,14,8,0.93,Smt_Process
B1577,2025-04-26,34,7,1.0,Smt_Process
B1578,2025-04-26,38,18,0.891,Smt_Process
B1579,2025-04-26,820,67,0.865,Smt_Process
B1580,2025-04-27,64,18,1.0,Smt_Process
B1581,2025-04-27,229,22,0.997,Smt_Data
B1582,2025-04-27,611,55,0.958,Smt_Data
B1583,2025-04-27,70,9,0.953,Legacy_Kernel
B1584,2025-04-27,18,7,1.0,Smt_Control
B1585,2025-04-28,91,25,0.895,Smt_Process
B1586,2025-04-28,13,19,0.926,Smt_Process
B1587,2025-04-28,711,56,0.963,Smt_Data
B1588,2025-04-28,41,12,0.975,Smt_Control
B1589,2025-04-28,60,23,1.0,Smt_Data
B1590,2025-04-29,427,42,0.907,Smt_Data
B1591,2025-04-29,531,47,0.839,Smt_Process
B1592,2025-04-29,64,16,0.913,Legacy_Kernel
B1593,2025-04-29,867,65,0.937,Smt_Process
B1594,2025-04-29,44,11,0.978,Legacy_Kernel
B1595,2025-04-30,493,51,0.948,Smt_Control
B1596,2025-04-30,28,6,0.989,Smt_Control
B1597,2025-04-30,35,17,0.955,Smt_Data
B1598,2025-04-30,37,20,1.0,Smt_Control
B1599,2025-04-30,212,26,1.0,Smt_Data
B1600,2025-05-01,95,25,0.971,Smt_Process
B1601,2025-05-01,43,18,1.0,Smt_Process
B1602,2025-05-01,32,7,1.0,Smt_Data
B1603,2025-05-01,86,11,0.992,Smt_Control
B1604,2025-05-01,75,22,1.0,Smt_Process
B1605,2025-05-02,39,21,1.0,Smt_Control
B1606,2025-05-02,340,38,0.899,Smt_Control
B1607,2025-05-02,12,15,0.975,Smt_Process
B1608,2025-05-02,32,13,0.96,Legacy_Kernel
B1609,2025-05-02,35,12,0.977,Smt_Data
B1610,2025-05-03,56,17,1.0,Smt_Control
B1611,2025-05-03,705,60,0.918,Legacy_Kernel
B1612,2025-05-03,740,67,0.992,Legacy_Kernel
B1613,2025-05-03,44,7,0.98,Smt_Control
B1614,2025-05-03,10,16,1.0,Smt_Data
B1615,2025-05-04,42,10,1.0,Smt_Process
B1616,2025-05-04,73,18,1.0,Smt_Control
B1617,2025-05-04,24,13,1.0,Smt_Data
B1618,2025-05-04,30,18,1.0,Smt_Data
B1619,2025-05-04,86,11,1.0,Legacy_Kernel
B1620,2025-05-05,47,13,0.946,Smt_Data
B1621,2025-05-05,42,20,0.943,Smt_Data
B1622,2025-05-05,81,22,0.996,Smt_Control
B1623,2025-05-05,89,24,1.0,Legacy_Kernel
B1624,2025-05-05,35,21,0.934,Smt_Data
B1625,2025-05-06,478,49,0.89,Legacy_Kernel
B1626,2025-05-06,65,23,1.0,Legacy_Kernel
B1627,2025-05-06,65,18,0.961,Smt_Process
B1628,2025-05-06,99,17,1.0,Smt_Control
B1629,2025-05-06,62,10,0.971,Legacy_Kernel
B1630,2025-05-07,39,12,0.947,Legacy_Kernel
B1631,2025-05-07,51,14,1.0,Smt_Control
B1632,2025-05-07,43,10,0.992,Smt_Data
B1633,2025-05-07,285,31,0.888,Smt_Data
B1634,2025-05-07,57,20,1.0,Legacy_Kernel
B1635,2025-05-08,54,11,0.911,Smt_Control
B1636,2025-05-08,486,49,0.923,Smt_Data
B1637,2025-05-08,79,21,0.981,Smt_Process
B1638,2025-05-08,610,51,0.854,Smt_Process
B1639,2025-05-08,621,57,0.902,Smt_Control
B1640,2025-05-09,57,15,0.888,Smt_Process
B1641,2025-05-09,86,21,1.0,Smt_Process
B1642,2025-05-09,94,19,0.941,Smt_Process
B1643,2025-05-09,90,15,0.988,Smt_Data
B1644,2025-05-09,896,75,0.894,Smt_Control
B1645,2025-05-10,599,44,0.901,Smt_Process
B1646,2025-05-10,40,18,0.991,Smt_Process
B1647,2025-05-10,656,48,0.927,Legacy_Kernel
B1648,2025-05-10,89,16,1.0,Smt_Data
B1649,2025-05-10,83,12,0.985,Smt_Control
B1650,2025-05-11,98,24,0.989,Legacy_Kernel
B1651,2025-05-11,21,9,0.967,Legacy_Kernel
B1652,2025-05-11,334,31,0.924,Smt_Data
B1653,2025-05-11,283,26,0.886,Legacy_Kernel
B1654,2025-05-11,99,17,0.989,Smt_Data
B1655,2025-05-12,69,20,0.907,Smt_Process
B1656,2025-05-12,40,18,1.0,Smt_Data
B1657,2025-05-12,53,13,0.929,Smt_Data
B1658,2025-05-12,41,8,1.0,Smt_Process
B1659,2025-05-12,85,24,0.937,Smt_Control
B1660,2025-05-13,918,75,0.96,Smt_Data
B1661,2025-05-13,53,21,0.924,Legacy_Kernel
B1662,2025-05-13,350,34,0.936,Smt_Data
B1663,2025-05-13,71,15,1.0,Smt_Control
B1664,2025-05-13,45,12,0.946,Legacy_Kernel
B1665,2025-05-14,41,14,0.939,Legacy_Kernel
B1666,2025-05-14,45,21,1.0,Legacy_Kernel
B1667,2025-05-14,552,53,0.829,Smt_Control
B1668,2025-05-14,99,21,1.0,Smt_Control
B1669,2025-05-14,249,30,0.923,Smt_Data
B1670,2025-05-15,65,18,0.99,Smt_Control
B1671,2025-05-15,85,18,1.0,Legacy_Kernel
B1672,2025-05-15,60,12,0.92,Legacy_Kernel
B1673,2025-05-15,76,12,1.0,Smt_Process
B1674,2025-05-15,45,15,0.987,Smt_Control
B1675,2025-05-16,625,56,0.998,Smt_Process
B1676,2025-05-16,54,8,0.986,Smt_Process
B1677,2025-05-16,98,13,0.993,Smt_Data
B1678,2025-05-16,67,13,1.0,Smt_Data
B1679,2025-05-16,917,67,0.9,Smt_Control
B1680,2025-05-17,877,71,0.918,Smt_Control
B1681,2025-05-17,13,5,0.975,Smt_Process
B1682,2025-05-17,56,17,0.976,Smt_Control
B1683,2025-05-17,223,21,0.978,Smt_Data
B1684,2025-05-17,75,21,1.0,Legacy_Kernel
B1685,2025-05-18,20,19,1.0,Smt_Control
B1686,2025-05-18,63,13,1.0,Smt_Control
B1687,2025-05-18,36,10,1.0,Smt_Data
B1688,2025-05-18,371,29,1.0,Smt_Process
B1689,2025-05-18,635,61,0.913,Legacy_Kernel
B1690,2025-05-19,40,9,0.985,Smt_Process
B1691,2025-05-19,576,49,0.792,Legacy_Kernel
B1692,2025-05-19,80,11,0.965,Smt_Data
B1693,2025-05-19,856,66,0.955,Smt_Control
B1694,2025-05-19,32,14,0.961,Smt_Data
B1695,2025-05-20,85,19,1.0,Smt_Data
B1696,2025-05-20,32,12,1.0,Smt_Control
B1697,2025-05-20,19,18,1.0,Smt_Control
B1698,2025-05-20,38,10,0.992,Legacy_Kernel
B1699,2025-05-20,86,10,0.962,Smt_Data
B1700,2025-05-21,81,14,1.0,Smt_Data
B1701,2025-05-21,88,24,0.959,Smt_Data
B1702,2025-05-21,53,11,0.901,Legacy_Kernel
B1703,2025-05-21,15,14,1.0,Legacy_Kernel
B1704,2025-05-21,92,15,0.982,Smt_Data
B1705,2025-05-22,91,17,0.994,Smt_Data
B1706,2025-05-22,599,55,0.859,Smt_Process
B1707,2025-05-22,750,68,0.942,Legacy_Kernel
B1708,2025-05-22,24,18,0.952,Smt_Process
B1709,2025-05-22,62,21,0.911,Legacy_Kernel
B1710,2025-05-23,26,8,0.969,Smt_Control
B1711,2025-05-23,17,9,1.0,Smt_Data
B1712,2025-05-23,22,7,0.948,Legacy_Kernel
B1713,2025-05-23,97,18,0.961,Smt_Process
B1714,2025-05-23,75,14,1.0,Smt_Process
B1715,2025-05-24,92,15,0.933,Smt_Process
B1716,2025-05-24,33,21,0.992,Smt_Process
B1717,2025-05-24,38,16,0.956,Smt_Process
B1718,2025-05-24,49,17,0.966,Smt_Data
B1719,2025-05-24,30,11,0.998,Smt_Control
B1720,2025-05-25,784,64,0.871,Legacy_Kernel
B1721,2025-05-25,44,8,0.947,Smt_Process
B1722,2025-05-25,10,5,1.0,Smt_Data
B1723,2025-05-25,35,20,0.937,Smt_Control
B1724,2025-05-25,62,15,1.0,Smt_Data
B1725,2025-05-26,416,40,0.926,Legacy_Kernel
B1726,2025-05-26,259,28,1.0,Smt_Data
B1727,2025-05-26,71,15,0.951,Smt_Control
B1728,2025-05-26,457,40,0.906,Smt_Process
B1729,2025-05-26,378,39,0.831,Legacy_Kernel
B1730,2025-05-27,27,15,0.99,Smt_Control
B1731,2025-05-27,479,38,0.909,Smt_Process
B1732,2025-05-27,41,17,1.0,Smt_Control
B1733,2025-05-27,34,21,1.0,Smt_Process
B1734,2025-05-27,62,15,0.947,Smt_Process
B1735,2025-05-28,82,15,0.96,Legacy_Kernel
B1736,2025-05-28,41,16,0.901,Smt_Process
B1737,2025-05-28,37,12,0.881,Smt_Process
B1738,2025-05-28,49,18,1.0,Legacy_Kernel
B1739,2025-05-28,75,24,1.0,Smt_Process
B1740,2025-05-29,86,15,0.998,Smt_Data
B1741,2025-05-29,19,13,0.949,Legacy_Kernel
B1742,2025-05-29,866,66,0.874,Legacy_Kernel
B1743,2025-05-29,67,21,1.0,Smt_Data
B1744,2025-05-29,94,14,0.961,Smt_Data
B1745,2025-05-30,27,15,1.0,Smt_Process
B1746,2025-05-30,92,17,1.0,Smt_Process
B1747,2025-05-30,690,56,0.828,Smt_Process
B1748,2025-05-30,69,22,1.0,Smt_Process
B1749,2025-05-30,98,24,1.0,Legacy_Kernel
B1750,2025-05-31,67,19,1.0,Smt_Process
B1751,2025-05-31,85,19,0.902,Smt_Process
B1752,2025-05-31,75,13,1.0,Smt_Control
B1753,2025-05-31,32,9,0.993,Smt_Process
B1754,2025-05-31,93,15,0.99,Smt_Process
B1755,2025-06-01,74,11,1.0,Smt_Process
B1756,2025-06-01,80,20,0.957,Legacy_Kernel
B1757,2025-06-01,16,7,0.947,Smt_Control
B1758,2025-06-01,84,23,0.968,Legacy_Kernel
B1759,2025-06-01,99,12,0.959,Smt_Control
B1760,2025-06-02,14,7,0.963,Smt_Data
B1761,2025-06-02,46,9,1.0,Smt_Data
B1762,2025-06-02,21,19,0.938,Smt_Process
B1763,2025-06-02,71,11,1.0,Smt_Control
B1764,2025-06-02,89,23,0.954,Smt_Control
B1765,2025-06-03,85,22,0.968,Smt_Control
B1766,2025-06-03,55,21,0.959,Smt_Control
B1767,2025-06-03,61,22,0.977,Smt_Control
B1768,2025-06-03,438,46,1.0,Legacy_Kernel
B1769,2025-06-03,19,9,1.0,Legacy_Kernel
B1770,2025-06-04,699,53,0.918,Smt_Process
B1771,2025-06-04,19,17,0.964,Smt_Control
B1772,2025-06-04,69,12,0.999,Smt_Control
B1773,2025-06-04,55,10,1.0,Smt_Data
B1774,2025-06-04,57,14,1.0,Smt_Control
B1775,2025-06-05,38,15,1.0,Legacy_Kernel
B1776,2025-06-05,15,12,0.971,Legacy_Kernel
B1777,2025-06-05,526,47,0.874,Smt_Data
B1778,2025-06-05,56,9,1.0,Legacy_Kernel
B1779,2025-06-05,89,13,1.0,Legacy_Kernel
B1780,2025-06-06,26,6,1.0,Smt_Process
B1781,2025-06-06,50,16,1.0,Smt_Process
B1782,2025-06-06,52,17,0.921,Smt_Control
B1783,2025-06-06,22,12,0.93,Legacy_Kernel
B1784,2025-06-06,36,19,1.0,Smt_Control
B1785,2025-06-07,95,21,1.0,Smt_Data
B1786,2025-06-07,86,17,0.998,Smt_Control
B1787,2025-06-07,430,37,0.866,Smt_Control
B1788,2025-06-07,89,17,1.0,Legacy_Kernel
B1789,2025-06-07,79,12,0.943,Smt_Control
B1790,2025-06-08,415,33,0.922,Smt_Data
B1791,2025-06-08,36,12,1.0,Legacy_Kernel
B1792,2025-06-08,26,13,0.991,Smt_Control
B1793,2025-06-08,605,48,0.979,Legacy_Kernel
B1794,2025-06-08,14,10,0.972,Smt_Data
B1795,2025-06-09,89,17,1.0,Legacy_Kernel
B1796,2025-06-09,25,11,0.914,Smt_Process
B1797,2025-06-09,55,8,0.998,Smt_Process
B1798,2025-06-09,49,17,0.983,Smt_Process
B1799,2025-06-09,31,18,1.0,Smt_Control
B1800,2025-06-10,42,14,1.0,Legacy_Kernel
B1801,2025-06-10,70,18,0.954,Smt_Process
B1802,2025-06-10,54,19,1.0,Legacy_Kernel
B1803,2025-06-10,465,43,0.885,Smt_Process
B1804,2025-06-10,97,11,0.986,Smt_Data
B1805,2025-06-11,328,29,0.94,Smt_Control
B1806,2025-06-11,15,9,1.0,Smt_Data
B1807,2025-06-11,34,13,0.998,Legacy_Kernel
B1808,2025-06-11,59,22,0.986,Smt_Control
B1809,2025-06-11,90,11,1.0,Smt_Process
B1810,2025-06-12,15,7,0.999,Smt_Data
B1811,2025-06-12,71,11,0.998,Smt_Data
B1812,2025-06-12,679,53,0.822,Smt_Process
B1813,2025-06-12,30,13,0.989,Smt_Data
B1814,2025-06-12,75,23,0.855,Legacy_Kernel
B1815,2025-06-13,26,6,1.0,Smt_Process
B1816,2025-06-13,66,10,0.999,Legacy_Kernel
B1817,2025-06-13,40,16,0.957,Smt_Data
B1818,2025-06-13,586,58,0.899,Smt_Process
B1819,2025-06-13,76,12,0.947,Legacy_Kernel
B1820,2025-06-14,80,11,0.918,Smt_Data
B1821,2025-06-14,96,19,1.0,Smt_Data
B1822,2025-06-14,54,18,0.915,Smt_Control
B1823,2025-06-14,14,18,0.962,Smt_Process
B1824,2025-06-14,28,14,1.0,Smt_Control
B1825,2025-06-15,32,10,0.956,Smt_Control
B1826,2025-06-15,33,10,1.0,Smt_Process
B1827,2025-06-15,36,13,1.0,Smt_Process
B1828,2025-06-15,17,14,0.969,Smt_Control
B1829,2025-06-15,320,37,0.954,Legacy_Kernel
B1830,2025-06-16,24,20,1.0,Smt_Process
B1831,2025-06-16,660,62,0.895,Smt_Process
B1832,2025-06-16,98,17,0.98,Smt_Process
B1833,2025-06-16,79,14,1.0,Legacy_Kernel
B1834,2025-06-16,95,19,0.952,Legacy_Kernel
B1835,2025-06-17,49,11,1.0,Smt_Control
B1836,2025-06-17,435,40,0.881,Smt_Process
B1837,2025-06-17,41,9,0.965,Smt_Control
B1838,2025-06-17,24,13,0.946,Smt_Process
B1839,2025-06-17,507,46,0.911,Smt_Process
B1840,2025-06-18,75,24,0.92,Legacy_Kernel
B1841,2025-06-18,91,24,0.881,Smt_Process
B1842,2025-06-18,84,20,1.0,Smt_Control
B1843,2025-06-18,41,8,1.0,Smt_Data
B1844,2025-06-18,897,75,0.824,Smt_Control
B1845,2025-06-19,973,83,0.836,Smt_Data
B1846,2025-06-19,258,29,0.93,Smt_Process
B1847,2025-06-19,655,57,0.875,Smt_Process
B1848,2025-06-19,83,17,1.0,Smt_Process
B1849,2025-06-19,50,17,0.967,Smt_Control
B1850,2025-06-20,89,16,0.947,Smt_Control
B1851,2025-06-20,30,11,1.0,Smt_Data
B1852,2025-06-20,481,47,0.931,Smt_Data
B1853,2025-06-20,65,18,0.941,Smt_Process
B1854,2025-06-20,74,23,0.922,Smt_Data
B1855,2025-06-21,96,11,1.0,Smt_Process
B1856,2025-06-21,40,15,1.0,Smt_Data
B1857,2025-06-21,64,23,1.0,Legacy_Kernel
B1858,2025-06-21,24,19,0.95,Smt_Control
B1859,2025-06-21,30,7,0.934,Smt_Data
B1860,2025-06-22,16,12,0.992,Smt_Process
B1861,2025-06-22,15,6,0.963,Smt_Control
B1862,2025-06-22,51,14,1.0,Smt_Process
B1863,2025-06-22,44,13,1.0,Smt_Process
B1864,2025-06-22,48,15,1.0,Smt_Process
B1865,2025-06-23,63,16,0.981,Smt_Control
B1866,2025-06-23,24,10,1.0,Smt_Control
B1867,2025-06-23,24,19,0.985,Smt_Process
B1868,2025-06-23,477,43,0.888,Smt_Process
B1869,2025-06-23,217,29,1.0,Smt_Control
B1870,2025-06-24,35,9,1.0,Legacy_Kernel
B1871,2025-06-24,38,20,1.0,Legacy_Kernel
B1872,2025-06-24,49,14,1.0,Smt_Data
B1873,2025-06-24,23,15,1.0,Smt_Control
B1874,2025-06-24,314,29,0.915,Smt_Process
B1875,2025-06-25,655,50,0.898,Smt_Control
B1876,2025-06-25,16,14,0.973,Legacy_Kernel
B1877,2025-06-25,85,15,1.0,Smt_Data
B1878,2025-06-25,544,52,0.895,Legacy_Kernel
B1879,2025-06-25,65,22,0.979,Smt_Control
B1880,2025-06-26,44,13,0.996,Smt_Control
B1881,2025-06-26,60,18,0.984,Smt_Process
B1882,2025-06-26,54,9,0.944,Legacy_Kernel
B1883,2025-06-26,87,19,0.986,Smt_Control
B1884,2025-06-26,74,18,1.0,Smt_Control
B1885,2025-06-27,59,12,0.964,Smt_Control
B1886,2025-06-27,98,14,0.98,Smt_Control
B1887,2025-06-27,49,21,1.0,Legacy_Kernel
B1888,2025-06-27,23,13,1.0,Smt_Control
B1889,2025-06-27,89,14,0.992,Smt_Process
B1890,2025-06-28,512,48,0.965,Smt_Data
B1891,2025-06-28,18,8,1.0,Smt_Process
B1892,2025-06-28,665,62,0.878,Smt_Process
B1893,2025-06-28,56,19,0.962,Smt_Control
B1894,2025-06-28,24,6,1.0,Legacy_Kernel
B1895,2025-06-29,98,17,1.0,Smt_Control
B1896,2025-06-29,36,18,1.0,Smt_Process
B1897,2025-06-29,31,11,0.987,Smt_Control
B1898,2025-06-29,45,18,0.978,Smt_Process
B1899,2025-06-29,16,11,1.0,Legacy_Kernel
B1900,2025-06-30,50,11,0.906,Smt_Control
B1901,2025-06-30,45,10,0.942,Smt_Control
B1902,2025-06-30,46,8,0.969,Smt_Control
B1903,2025-06-30,80,14,0.987,Smt_Data
B1904,2025-06-30,30,12,1.0,Smt_Control
B1905,2025-07-01,41,20,0.975,Smt_Control
B1906,2025-07-01,10,7,0.918,Smt_Process
B1907,2025-07-01,14,11,0.91,Legacy_Kernel
B1908,2025-07-01,64,20,0.991,Smt_Data
B1909,2025-07-01,87,14,0.93,Smt_Control
B1910,2025-07-02,984,81,0.886,Smt_Data
B1911,2025-07-02,90,25,0.983,Smt_Control
B1912,2025-07-02,60,9,0.985,Smt_Data
B1913,2025-07-02,45,16,0.961,Smt_Data
B1914,2025-07-02,19,18,1.0,Smt_Data
B1915,2025-07-03,74,22,0.972,Smt_Control
B1916,2025-07-03,14,7,1.0,Smt_Data
B1917,2025-07-03,75,17,0.999,Legacy_Kernel
B1918,2025-07-03,913,76,0.927,Legacy_Kernel
B1919,2025-07-03,80,16,1.0,Smt_Data
B1920,2025-07-04,41,19,1.0,Smt_Control
B1921,2025-07-04,51,11,0.954,Smt_Control
B1922,2025-07-04,16,6,1.0,Smt_Process
B1923,2025-07-04,69,9,1.0,Legacy_Kernel
B1924,2025-07-04,88,13,1.0,Legacy_Kernel
B1925,2025-07-05,13,9,0.993,Legacy_Kernel
B1926,2025-07-05,39,8,0.966,Smt_Control
B1927,2025-07-05,32,8,0.969,Smt_Data
B1928,2025-07-05,96,22,0.931,Legacy_Kernel
B1929,2025-07-05,87,21,0.986,Smt_Control
B1930,2025-07-06,467,39,0.914,Legacy_Kernel
B1931,2025-07-06,44,13,1.0,Smt_Control
B1932,2025-07-06,92,19,1.0,Smt_Data
B1933,2025-07-06,857,62,0.996,Smt_Control
B1934,2025-07-06,78,10,1.0,Legacy_Kernel
B1935,2025-07-07,402,31,0.957,Smt_Data
B1936,2025-07-07,72,15,0.947,Smt_Process
B1937,2025-07-07,42,13,0.951,Smt_Process
B1938,2025-07-07,74,10,0.987,Legacy_Kernel
B1939,2025-07-07,35,14,0.902,Smt_Process
B1940,2025-07-08,93,16,0.946,Legacy_Kernel
B1941,2025-07-08,383,42,0.917,Legacy_Kernel
B1942,2025-07-08,23,17,0.994,Smt_Control
B1943,2025-07-08,863,68,0.893,Legacy_Kernel
B1944,2025-07-08,65,23,1.0,Smt_Control
B1945,2025-07-09,30,20,0.995,Smt_Control
B1946,2025-07-09,20,7,0.917,Smt_Control
B1947,2025-07-09,30,14,0.953,Smt_Data
B1948,2025-07-09,298,31,0.983,Smt_Data
B1949,2025-07-09,721,55,0.961,Smt_Control
B1950,2025-07-10,42,16,0.93,Legacy_Kernel
B1951,2025-07-10,405,38,0.919,Legacy_Kernel
B1952,2025-07-10,96,13,0.96,Legacy_Kernel
B1953,2025-07-10,23,13,0.985,Smt_Control
B1954,2025-07-10,505,50,0.847,Smt_Process
B1955,2025-07-11,60,9,0.846,Smt_Process
B1956,2025-07-11,66,21,0.952,Smt_Process
B1957,2025-07-11,91,18,0.993,Smt_Data
B1958,2025-07-11,42,7,1.0,Smt_Control
B1959,2025-07-11,57,18,0.955,Legacy_Kernel
B1960,2025-07-12,87,15,0.95,Smt_Process
B1961,2025-07-12,96,19,0.939,Smt_Data
B1962,2025-07-12,71,10,0.963,Legacy_Kernel
B1963,2025-07-12,38,9,0.963,Smt_Data
B1964,2025-07-12,35,9,1.0,Smt_Process
B1965,2025-07-13,37,14,1.0,Smt_Process
B1966,2025-07-13,46,22,1.0,Smt_Control
B1967,2025-07-13,39,19,0.987,Smt_Control
B1968,2025-07-13,348,35,0.856,Smt_Control
B1969,2025-07-13,49,19,1.0,Smt_Data
B1970,2025-07-14,31,21,0.968,Smt_Process
B1971,2025-07-14,30,16,1.0,Smt_Control
B1972,2025-07-14,88,22,0.913,Legacy_Kernel
B1973,2025-07-14,82,23,0.938,Smt_Data
B1974,2025-07-14,52,13,1.0,Smt_Process
B1975,2025-07-15,17,19,0.952,Legacy_Kernel
B1976,2025-07-15,78,23,1.0,Legacy_Kernel
B1977,2025-07-15,206,31,0.986,Legacy_Kernel
B1978,2025-07-15,84,16,1.0,Smt_Data
B1979,2025-07-15,11,17,1.0,Legacy_Kernel
B1980,2025-07-16,49,19,1.0,Smt_Process
B1981,2025-07-16,54,21,0.963,Smt_Data
B1982,2025-07-16,388,43,0.903,Smt_Process
B1983,2025-07-16,83,21,0.955,Legacy_Kernel
B1984,2025-07-16,66,10,0.979,Legacy_Kernel
B1985,2025-07-17,68,20,0.919,Smt_Process
B1986,2025-07-17,23,15,1.0,Smt_Data
B1987,2025-07-17,78,15,0.98,Smt_Control
B1988,2025-07-17,207,31,1.0,Smt_Data
B1989,2025-07-17,13,18,1.0,Legacy_Kernel
B1990,2025-07-18,72,20,0.964,Legacy_Kernel
B1991,2025-07-18,97,20,1.0,Smt_Data
B1992,2025-07-18,801,72,0.939,Smt_Process
B1993,2025-07-18,862,74,0.834,Legacy_Kernel
B1994,2025-07-18,23,18,0.955,Smt_Control
B1995,2025-07-19,82,14,0.963,Smt_Control
B1996,2025-07-19,72,16,0.937,Legacy_Kernel
B1997,2025-07-19,85,16,1.0,Smt_Control
B1998,2025-07-19,466,47,0.993,Smt_Data
B1999,2025-07-19,78,17,0.939,Smt_Process
